user_id,event_type,timestamp
178,page_view,2026-04-05 03:12:18
791,add_to_cart,2026-04-05 05:14:18
369,page_view,2026-04-05 09:05:18
239,add_to_cart,2026-04-04 20:44:18
61,page_view,2026-04-05 06:05:18
992,page_view,2026-04-04 18:08:18
622,page_view,2026-04-05 03:02:18
903,page_view,2026-04-05 00:51:18
437,checkout,2026-04-05 11:02:18
480,checkout,2026-04-05 03:32:18
984,page_view,2026-04-05 11:50:18
204,page_view,2026-04-05 10:58:18
769,page_view,2026-04-05 08:36:18
70,page_view,2026-04-05 07:22:18
675,checkout,2026-04-05 03:42:18
120,checkout,2026-04-05 02:28:18
217,checkout,2026-04-05 09:55:18
104,add_to_cart,2026-04-04 20:08:18
264,page_view,2026-04-04 21:24:18
893,page_view,2026-04-05 06:02:18
27,purchase,2026-04-05 12:31:18
957,checkout,2026-04-05 09:30:18
573,checkout,2026-04-05 11:25:18
859,page_view,2026-04-04 17:46:18
253,page_view,2026-04-05 04:07:18
459,page_view,2026-04-05 09:11:18
950,add_to_cart,2026-04-05 09:02:18
304,page_view,2026-04-05 07:32:18
166,page_view,2026-04-05 02:10:18
114,checkout,2026-04-04 18:30:18
928,page_view,2026-04-04 20:31:18
442,add_to_cart,2026-04-04 20:58:18
709,checkout,2026-04-05 15:12:18
339,add_to_cart,2026-04-05 11:07:18
19,page_view,2026-04-05 16:16:18
573,page_view,2026-04-04 19:50:18
48,add_to_cart,2026-04-05 06:39:18
622,page_view,2026-04-05 08:30:18
709,add_to_cart,2026-04-05 02:29:18
563,page_view,2026-04-04 22:33:18
170,checkout,2026-04-05 00:12:18
715,purchase,2026-04-05 14:21:18
914,page_view,2026-04-05 05:56:18
722,page_view,2026-04-04 23:11:18
277,add_to_cart,2026-04-04 18:43:18
425,add_to_cart,2026-04-05 03:13:18
182,page_view,2026-04-05 03:37:18
64,checkout,2026-04-05 14:17:18
655,page_view,2026-04-05 10:44:18
726,add_to_cart,2026-04-05 05:29:18
93,purchase,2026-04-04 17:42:18
434,checkout,2026-04-05 11:15:18
59,add_to_cart,2026-04-05 04:30:18
296,checkout,2026-04-04 20:44:18
166,add_to_cart,2026-04-04 21:22:18
90,page_view,2026-04-05 01:17:18
834,add_to_cart,2026-04-05 05:08:18
834,purchase,2026-04-05 02:54:18
936,add_to_cart,2026-04-05 06:30:18
8,page_view,2026-04-05 01:04:18
926,purchase,2026-04-05 11:50:18
628,page_view,2026-04-05 01:48:18
830,add_to_cart,2026-04-05 01:14:18
45,purchase,2026-04-05 01:38:18
944,page_view,2026-04-04 20:51:18
88,checkout,2026-04-04 23:13:18
931,page_view,2026-04-04 20:32:18
465,add_to_cart,2026-04-05 06:59:18
825,page_view,2026-04-05 07:23:18
885,page_view,2026-04-05 12:54:18
380,page_view,2026-04-04 19:58:18
945,add_to_cart,2026-04-05 04:00:18
350,page_view,2026-04-05 09:16:18
523,checkout,2026-04-04 23:15:18
364,page_view,2026-04-05 04:47:18
276,page_view,2026-04-05 05:22:18
906,page_view,2026-04-05 04:27:18
485,add_to_cart,2026-04-05 07:46:18
296,page_view,2026-04-05 11:30:18
907,page_view,2026-04-05 02:26:18
93,page_view,2026-04-04 23:26:18
650,page_view,2026-04-04 23:37:18
420,add_to_cart,2026-04-05 16:54:18
101,page_view,2026-04-04 20:43:18
338,page_view,2026-04-05 11:07:18
856,page_view,2026-04-05 04:20:18
642,checkout,2026-04-05 17:19:18
988,add_to_cart,2026-04-04 21:16:18
453,page_view,2026-04-04 20:00:18
424,page_view,2026-04-04 18:31:18
940,page_view,2026-04-04 18:43:18
145,page_view,2026-04-05 05:15:18
991,page_view,2026-04-05 15:44:18
181,page_view,2026-04-05 04:33:18
790,checkout,2026-04-05 06:02:18
530,add_to_cart,2026-04-05 01:54:18
913,checkout,2026-04-04 19:55:18
975,add_to_cart,2026-04-05 06:11:18
525,purchase,2026-04-05 10:57:18
40,page_view,2026-04-05 01:09:18
82,page_view,2026-04-05 14:09:18
447,add_to_cart,2026-04-04 23:48:18
211,add_to_cart,2026-04-05 04:49:18
227,checkout,2026-04-05 02:18:18
439,add_to_cart,2026-04-05 14:23:18
345,add_to_cart,2026-04-05 09:22:18
909,checkout,2026-04-04 20:37:18
390,add_to_cart,2026-04-05 00:33:18
188,page_view,2026-04-05 12:20:18
132,purchase,2026-04-04 23:14:18
793,checkout,2026-04-04 21:19:18
486,page_view,2026-04-05 15:30:18
220,page_view,2026-04-04 17:34:18
643,page_view,2026-04-05 05:12:18
720,page_view,2026-04-05 00:29:18
422,purchase,2026-04-05 16:18:18
830,page_view,2026-04-04 21:00:18
544,checkout,2026-04-05 11:03:18
768,page_view,2026-04-04 21:29:18
827,checkout,2026-04-04 20:11:18
837,page_view,2026-04-04 18:41:18
127,page_view,2026-04-05 04:44:18
725,checkout,2026-04-05 11:07:18
406,checkout,2026-04-05 06:51:18
938,checkout,2026-04-05 12:54:18
500,checkout,2026-04-05 01:58:18
481,add_to_cart,2026-04-04 19:53:18
920,page_view,2026-04-05 15:41:18
279,page_view,2026-04-05 12:15:18
474,checkout,2026-04-05 04:29:18
935,page_view,2026-04-05 14:54:18
473,checkout,2026-04-05 02:43:18
2,checkout,2026-04-05 02:17:18
286,purchase,2026-04-05 07:22:18
498,page_view,2026-04-04 22:52:18
338,page_view,2026-04-05 07:24:18
661,page_view,2026-04-05 03:21:18
936,page_view,2026-04-05 15:07:18
201,page_view,2026-04-04 18:22:18
479,page_view,2026-04-05 11:06:18
692,page_view,2026-04-05 12:22:18
649,checkout,2026-04-05 00:25:18
44,page_view,2026-04-04 22:48:18
720,page_view,2026-04-05 15:10:18
481,checkout,2026-04-05 00:33:18
953,page_view,2026-04-04 21:16:18
268,page_view,2026-04-04 20:34:18
42,page_view,2026-04-05 15:11:18
615,page_view,2026-04-05 12:57:18
481,page_view,2026-04-05 05:17:18
725,add_to_cart,2026-04-04 17:39:18
568,page_view,2026-04-05 01:44:18
614,page_view,2026-04-05 14:18:18
499,add_to_cart,2026-04-04 20:33:18
945,page_view,2026-04-05 15:11:18
856,page_view,2026-04-04 22:31:18
450,add_to_cart,2026-04-05 02:59:18
668,add_to_cart,2026-04-05 00:20:18
147,page_view,2026-04-04 23:58:18
962,add_to_cart,2026-04-05 12:37:18
371,add_to_cart,2026-04-04 20:48:18
177,page_view,2026-04-05 16:32:18
269,page_view,2026-04-04 19:38:18
977,checkout,2026-04-04 20:19:18
700,purchase,2026-04-04 21:20:18
252,page_view,2026-04-05 04:14:18
897,page_view,2026-04-05 03:54:18
808,add_to_cart,2026-04-05 09:50:18
968,purchase,2026-04-05 11:20:18
900,page_view,2026-04-05 02:07:18
137,page_view,2026-04-05 14:26:18
588,page_view,2026-04-04 18:11:18
654,page_view,2026-04-05 04:08:18
579,page_view,2026-04-05 09:00:18
630,add_to_cart,2026-04-04 19:44:18
916,checkout,2026-04-05 00:16:18
211,purchase,2026-04-05 00:21:18
195,checkout,2026-04-05 09:46:18
113,page_view,2026-04-05 09:50:18
105,add_to_cart,2026-04-04 19:44:18
687,page_view,2026-04-05 11:39:18
434,checkout,2026-04-04 22:14:18
87,page_view,2026-04-05 11:22:18
129,page_view,2026-04-05 06:20:18
899,page_view,2026-04-05 01:05:18
852,checkout,2026-04-05 10:04:18
481,page_view,2026-04-04 22:03:18
250,page_view,2026-04-05 01:15:18
302,add_to_cart,2026-04-05 01:06:18
889,page_view,2026-04-05 16:20:18
625,page_view,2026-04-04 18:22:18
303,page_view,2026-04-05 15:59:18
530,page_view,2026-04-05 05:11:18
726,add_to_cart,2026-04-05 14:18:18
963,page_view,2026-04-05 15:12:18
345,purchase,2026-04-05 09:07:18
203,checkout,2026-04-05 17:25:18
890,add_to_cart,2026-04-05 12:19:18
549,page_view,2026-04-04 20:29:18
870,page_view,2026-04-05 07:45:18
571,add_to_cart,2026-04-05 11:30:18
700,add_to_cart,2026-04-05 15:42:18
844,checkout,2026-04-05 05:33:18
891,checkout,2026-04-05 01:30:18
445,page_view,2026-04-05 05:18:18
890,checkout,2026-04-05 07:15:18
735,checkout,2026-04-05 06:16:18
247,page_view,2026-04-05 03:13:18
588,add_to_cart,2026-04-05 12:52:18
552,purchase,2026-04-05 11:05:18
833,page_view,2026-04-05 05:56:18
426,checkout,2026-04-04 20:57:18
22,page_view,2026-04-04 20:58:18
8,page_view,2026-04-05 08:41:18
602,page_view,2026-04-05 14:44:18
849,page_view,2026-04-05 10:21:18
774,add_to_cart,2026-04-04 20:27:18
72,checkout,2026-04-05 13:01:18
753,page_view,2026-04-05 00:34:18
675,page_view,2026-04-05 01:08:18
570,add_to_cart,2026-04-04 20:49:18
930,page_view,2026-04-05 00:21:18
986,page_view,2026-04-05 05:40:18
571,add_to_cart,2026-04-05 15:04:18
388,add_to_cart,2026-04-05 08:44:18
462,page_view,2026-04-05 11:06:18
556,page_view,2026-04-05 17:11:18
575,purchase,2026-04-05 00:46:18
419,page_view,2026-04-05 15:28:18
432,page_view,2026-04-04 19:09:18
381,page_view,2026-04-05 11:27:18
50,page_view,2026-04-05 04:10:18
164,page_view,2026-04-05 03:44:18
128,add_to_cart,2026-04-05 02:50:18
463,page_view,2026-04-05 04:02:18
187,page_view,2026-04-04 21:16:18
388,page_view,2026-04-04 19:42:18
864,checkout,2026-04-04 19:39:18
771,page_view,2026-04-05 04:18:18
783,checkout,2026-04-05 14:09:18
487,page_view,2026-04-05 07:47:18
504,page_view,2026-04-05 15:47:18
125,add_to_cart,2026-04-05 04:12:18
458,page_view,2026-04-05 02:48:18
197,checkout,2026-04-05 10:27:18
572,page_view,2026-04-04 18:04:18
173,add_to_cart,2026-04-05 11:40:18
902,purchase,2026-04-05 09:16:18
620,page_view,2026-04-05 02:11:18
6,page_view,2026-04-04 22:00:18
783,page_view,2026-04-05 07:22:18
457,page_view,2026-04-04 20:54:18
6,page_view,2026-04-05 10:03:18
835,checkout,2026-04-05 03:59:18
401,add_to_cart,2026-04-05 01:31:18
452,page_view,2026-04-05 01:11:18
901,checkout,2026-04-05 09:56:18
291,purchase,2026-04-05 15:00:18
880,add_to_cart,2026-04-05 01:17:18
763,checkout,2026-04-04 17:53:18
316,page_view,2026-04-04 19:56:18
225,page_view,2026-04-05 13:19:18
233,page_view,2026-04-05 05:36:18
83,checkout,2026-04-04 23:17:18
47,page_view,2026-04-05 17:00:18
281,page_view,2026-04-04 20:29:18
248,page_view,2026-04-05 00:01:18
586,checkout,2026-04-05 00:33:18
494,page_view,2026-04-05 11:15:18
639,page_view,2026-04-04 18:52:18
355,add_to_cart,2026-04-05 15:51:18
459,page_view,2026-04-05 10:45:18
214,purchase,2026-04-05 09:07:18
721,page_view,2026-04-05 13:12:18
844,page_view,2026-04-05 01:12:18
54,page_view,2026-04-05 04:26:18
241,page_view,2026-04-05 09:27:18
187,add_to_cart,2026-04-05 13:08:18
953,checkout,2026-04-05 10:19:18
239,page_view,2026-04-05 16:14:18
700,page_view,2026-04-05 00:51:18
758,add_to_cart,2026-04-05 03:43:18
923,checkout,2026-04-05 16:18:18
263,page_view,2026-04-05 07:55:18
892,page_view,2026-04-05 17:13:18
63,page_view,2026-04-05 11:14:18
804,checkout,2026-04-05 16:00:18
720,page_view,2026-04-05 07:00:18
861,add_to_cart,2026-04-05 02:04:18
663,page_view,2026-04-05 01:20:18
71,page_view,2026-04-04 22:22:18
381,page_view,2026-04-05 14:15:18
911,page_view,2026-04-05 09:49:18
618,page_view,2026-04-05 14:45:18
27,purchase,2026-04-05 12:45:18
660,checkout,2026-04-05 03:39:18
164,page_view,2026-04-05 13:46:18
784,page_view,2026-04-05 01:40:18
868,add_to_cart,2026-04-05 09:39:18
34,page_view,2026-04-05 03:40:18
886,page_view,2026-04-05 08:36:18
692,checkout,2026-04-05 01:58:18
841,page_view,2026-04-05 07:48:18
116,add_to_cart,2026-04-05 10:09:18
148,add_to_cart,2026-04-05 11:02:18
50,page_view,2026-04-05 02:14:18
855,checkout,2026-04-05 12:52:18
954,page_view,2026-04-04 19:26:18
802,page_view,2026-04-05 06:41:18
618,add_to_cart,2026-04-05 07:50:18
147,page_view,2026-04-04 21:47:18
384,checkout,2026-04-04 21:17:18
415,page_view,2026-04-04 21:25:18
288,add_to_cart,2026-04-04 22:08:18
130,add_to_cart,2026-04-05 15:06:18
16,page_view,2026-04-05 13:25:18
927,add_to_cart,2026-04-05 15:21:18
907,add_to_cart,2026-04-05 17:26:18
327,page_view,2026-04-05 12:24:18
908,page_view,2026-04-04 20:41:18
971,purchase,2026-04-05 12:09:18
559,page_view,2026-04-05 07:12:18
711,page_view,2026-04-04 22:38:18
531,page_view,2026-04-04 19:30:18
818,add_to_cart,2026-04-05 09:17:18
195,page_view,2026-04-05 09:20:18
795,add_to_cart,2026-04-05 01:28:18
817,add_to_cart,2026-04-04 19:10:18
694,page_view,2026-04-04 22:50:18
381,page_view,2026-04-05 12:32:18
808,page_view,2026-04-05 00:34:18
361,add_to_cart,2026-04-05 12:27:18
421,add_to_cart,2026-04-04 20:29:18
534,page_view,2026-04-05 04:56:18
363,page_view,2026-04-05 11:54:18
162,page_view,2026-04-04 19:04:18
12,page_view,2026-04-05 07:42:18
858,page_view,2026-04-05 09:05:18
738,checkout,2026-04-04 23:47:18
60,checkout,2026-04-04 17:38:18
923,add_to_cart,2026-04-05 08:01:18
78,page_view,2026-04-05 08:43:18
524,add_to_cart,2026-04-04 18:46:18
125,page_view,2026-04-05 02:13:18
906,add_to_cart,2026-04-05 06:16:18
128,checkout,2026-04-04 21:56:18
454,checkout,2026-04-05 00:04:18
206,checkout,2026-04-04 18:30:18
440,checkout,2026-04-05 01:49:18
164,add_to_cart,2026-04-05 12:36:18
195,page_view,2026-04-05 15:27:18
400,page_view,2026-04-05 06:29:18
104,page_view,2026-04-05 05:40:18
396,page_view,2026-04-05 00:45:18
599,add_to_cart,2026-04-04 17:45:18
681,page_view,2026-04-05 08:14:18
610,page_view,2026-04-05 11:18:18
855,checkout,2026-04-05 14:04:18
847,checkout,2026-04-04 20:21:18
287,page_view,2026-04-05 09:34:18
83,page_view,2026-04-05 14:20:18
983,checkout,2026-04-05 13:19:18
724,add_to_cart,2026-04-04 21:05:18
797,page_view,2026-04-04 17:37:18
607,page_view,2026-04-05 03:33:18
508,page_view,2026-04-05 16:18:18
247,page_view,2026-04-05 01:50:18
855,page_view,2026-04-05 08:04:18
344,page_view,2026-04-05 16:36:18
730,page_view,2026-04-05 14:17:18
895,page_view,2026-04-04 22:35:18
129,page_view,2026-04-05 03:18:18
326,add_to_cart,2026-04-04 22:34:18
947,page_view,2026-04-05 14:22:18
675,add_to_cart,2026-04-04 18:22:18
204,add_to_cart,2026-04-05 12:54:18
73,checkout,2026-04-05 13:27:18
787,checkout,2026-04-05 06:05:18
171,page_view,2026-04-05 14:22:18
441,page_view,2026-04-05 16:38:18
111,add_to_cart,2026-04-04 23:43:18
211,page_view,2026-04-04 21:06:18
810,add_to_cart,2026-04-05 07:03:18
26,page_view,2026-04-04 23:09:18
924,checkout,2026-04-05 10:10:18
211,checkout,2026-04-05 10:15:18
780,page_view,2026-04-05 10:11:18
974,page_view,2026-04-04 23:44:18
411,purchase,2026-04-05 07:20:18
427,page_view,2026-04-05 02:28:18
942,add_to_cart,2026-04-04 18:17:18
938,page_view,2026-04-04 20:34:18
328,add_to_cart,2026-04-05 11:14:18
263,add_to_cart,2026-04-04 19:09:18
324,page_view,2026-04-05 06:38:18
939,purchase,2026-04-05 16:44:18
821,page_view,2026-04-04 19:57:18
601,checkout,2026-04-05 15:34:18
630,add_to_cart,2026-04-05 12:25:18
7,page_view,2026-04-05 08:47:18
348,purchase,2026-04-04 20:51:18
429,page_view,2026-04-05 05:03:18
367,page_view,2026-04-05 02:09:18
54,page_view,2026-04-05 03:05:18
164,page_view,2026-04-05 04:12:18
348,purchase,2026-04-05 05:30:18
750,page_view,2026-04-04 22:53:18
685,page_view,2026-04-04 20:49:18
947,page_view,2026-04-05 09:03:18
559,add_to_cart,2026-04-04 20:20:18
244,page_view,2026-04-04 19:06:18
87,page_view,2026-04-04 19:48:18
849,purchase,2026-04-04 21:37:18
330,page_view,2026-04-05 10:59:18
496,add_to_cart,2026-04-05 05:08:18
987,page_view,2026-04-05 08:57:18
748,page_view,2026-04-05 02:00:18
516,checkout,2026-04-05 10:23:18
502,page_view,2026-04-05 16:19:18
478,page_view,2026-04-05 14:21:18
291,page_view,2026-04-05 02:10:18
979,page_view,2026-04-05 04:54:18
635,add_to_cart,2026-04-05 11:13:18
658,page_view,2026-04-04 17:33:18
528,add_to_cart,2026-04-04 21:19:18
31,add_to_cart,2026-04-05 12:26:18
942,checkout,2026-04-04 23:47:18
489,checkout,2026-04-04 19:48:18
203,checkout,2026-04-05 13:02:18
222,page_view,2026-04-04 22:56:18
693,page_view,2026-04-05 13:17:18
257,page_view,2026-04-05 07:31:18
90,page_view,2026-04-05 07:48:18
44,page_view,2026-04-05 07:32:18
19,add_to_cart,2026-04-05 07:23:18
766,purchase,2026-04-05 16:57:18
970,checkout,2026-04-05 03:08:18
155,page_view,2026-04-04 20:20:18
405,page_view,2026-04-04 21:45:18
747,page_view,2026-04-05 12:59:18
770,add_to_cart,2026-04-05 14:38:18
950,page_view,2026-04-04 22:11:18
683,page_view,2026-04-05 10:28:18
421,purchase,2026-04-05 11:26:18
955,page_view,2026-04-05 07:50:18
891,add_to_cart,2026-04-05 02:49:18
98,checkout,2026-04-05 17:08:18
450,checkout,2026-04-05 15:16:18
426,checkout,2026-04-04 21:21:18
85,page_view,2026-04-05 15:06:18
863,add_to_cart,2026-04-04 17:34:18
224,page_view,2026-04-05 10:17:18
265,page_view,2026-04-05 10:34:18
453,add_to_cart,2026-04-04 23:33:18
480,checkout,2026-04-04 20:15:18
807,page_view,2026-04-05 02:05:18
123,page_view,2026-04-04 18:47:18
778,page_view,2026-04-05 01:15:18
35,page_view,2026-04-05 07:07:18
294,add_to_cart,2026-04-04 21:59:18
67,page_view,2026-04-05 15:28:18
340,page_view,2026-04-05 07:33:18
451,page_view,2026-04-05 00:10:18
333,purchase,2026-04-05 17:21:18
828,page_view,2026-04-05 00:33:18
327,page_view,2026-04-05 13:44:18
425,purchase,2026-04-05 15:37:18
997,page_view,2026-04-05 13:04:18
491,add_to_cart,2026-04-05 01:38:18
369,page_view,2026-04-05 17:18:18
345,page_view,2026-04-04 18:18:18
846,page_view,2026-04-05 02:41:18
791,purchase,2026-04-05 01:25:18
427,page_view,2026-04-04 21:16:18
141,page_view,2026-04-05 06:32:18
315,page_view,2026-04-04 22:54:18
179,page_view,2026-04-05 15:39:18
137,page_view,2026-04-05 09:42:18
732,page_view,2026-04-05 03:56:18
249,page_view,2026-04-05 12:07:18
922,add_to_cart,2026-04-05 07:24:18
429,page_view,2026-04-05 15:02:18
118,add_to_cart,2026-04-05 03:20:18
66,add_to_cart,2026-04-05 03:57:18
370,page_view,2026-04-05 07:42:18
495,page_view,2026-04-04 22:35:18
761,add_to_cart,2026-04-04 21:59:18
35,page_view,2026-04-05 08:32:18
750,purchase,2026-04-05 08:13:18
428,page_view,2026-04-05 05:45:18
563,checkout,2026-04-05 05:24:18
663,page_view,2026-04-04 19:51:18
850,checkout,2026-04-05 05:51:18
289,checkout,2026-04-05 02:39:18
692,checkout,2026-04-04 21:29:18
37,add_to_cart,2026-04-05 15:23:18
483,page_view,2026-04-05 12:36:18
845,add_to_cart,2026-04-05 00:30:18
310,page_view,2026-04-05 08:30:18
419,page_view,2026-04-05 03:30:18
236,checkout,2026-04-05 13:56:18
85,page_view,2026-04-05 16:05:18
921,page_view,2026-04-05 06:27:18
627,add_to_cart,2026-04-05 01:51:18
875,page_view,2026-04-04 21:48:18
589,add_to_cart,2026-04-04 20:41:18
917,page_view,2026-04-05 02:11:18
859,add_to_cart,2026-04-04 22:58:18
883,checkout,2026-04-05 10:15:18
682,page_view,2026-04-05 11:50:18
347,page_view,2026-04-05 06:41:18
245,add_to_cart,2026-04-05 08:37:18
90,add_to_cart,2026-04-04 21:29:18
343,page_view,2026-04-05 07:01:18
604,add_to_cart,2026-04-05 01:53:18
962,page_view,2026-04-05 12:33:18
134,purchase,2026-04-05 00:29:18
550,page_view,2026-04-04 23:11:18
654,page_view,2026-04-05 04:39:18
503,add_to_cart,2026-04-04 20:41:18
664,page_view,2026-04-04 20:25:18
884,page_view,2026-04-04 23:51:18
702,add_to_cart,2026-04-05 14:57:18
429,page_view,2026-04-04 22:20:18
491,add_to_cart,2026-04-05 13:49:18
915,checkout,2026-04-05 00:01:18
528,page_view,2026-04-05 03:29:18
641,page_view,2026-04-05 09:29:18
930,page_view,2026-04-05 02:58:18
439,page_view,2026-04-05 11:45:18
893,add_to_cart,2026-04-05 17:09:18
634,page_view,2026-04-05 02:57:18
48,page_view,2026-04-05 12:43:18
10,add_to_cart,2026-04-05 04:54:18
274,page_view,2026-04-05 11:09:18
329,add_to_cart,2026-04-05 08:54:18
191,checkout,2026-04-05 07:09:18
137,page_view,2026-04-04 20:57:18
272,page_view,2026-04-04 23:17:18
247,add_to_cart,2026-04-05 16:11:18
658,checkout,2026-04-05 08:45:18
772,purchase,2026-04-04 18:56:18
189,page_view,2026-04-05 00:18:18
67,page_view,2026-04-04 18:20:18
768,checkout,2026-04-04 22:29:18
267,page_view,2026-04-04 19:28:18
909,page_view,2026-04-05 06:37:18
268,page_view,2026-04-05 16:17:18
308,add_to_cart,2026-04-05 07:58:18
791,add_to_cart,2026-04-04 21:55:18
669,page_view,2026-04-05 14:31:18
197,checkout,2026-04-05 16:01:18
799,purchase,2026-04-05 05:02:18
183,page_view,2026-04-04 22:16:18
665,checkout,2026-04-05 02:59:18
732,page_view,2026-04-05 05:52:18
99,page_view,2026-04-05 02:44:18
852,checkout,2026-04-05 01:11:18
726,page_view,2026-04-05 02:36:18
367,purchase,2026-04-05 11:06:18
216,checkout,2026-04-05 00:11:18
217,page_view,2026-04-05 14:27:18
270,page_view,2026-04-05 03:00:18
612,page_view,2026-04-05 09:43:18
305,page_view,2026-04-05 15:39:18
232,checkout,2026-04-05 07:35:18
554,add_to_cart,2026-04-05 14:37:18
973,checkout,2026-04-05 08:24:18
548,page_view,2026-04-05 02:16:18
215,checkout,2026-04-04 22:20:18
921,page_view,2026-04-05 06:04:18
152,page_view,2026-04-04 18:03:18
115,page_view,2026-04-04 19:42:18
899,page_view,2026-04-04 21:17:18
78,page_view,2026-04-05 06:02:18
21,add_to_cart,2026-04-04 20:44:18
827,checkout,2026-04-04 22:34:18
736,checkout,2026-04-04 18:59:18
905,purchase,2026-04-05 06:21:18
191,page_view,2026-04-05 05:42:18
35,checkout,2026-04-05 13:33:18
616,checkout,2026-04-05 17:29:18
731,page_view,2026-04-05 01:23:18
172,page_view,2026-04-04 22:23:18
843,add_to_cart,2026-04-05 06:00:18
575,checkout,2026-04-05 11:07:18
209,page_view,2026-04-04 17:57:18
560,checkout,2026-04-05 11:18:18
687,page_view,2026-04-05 15:34:18
270,add_to_cart,2026-04-04 20:13:18
317,page_view,2026-04-05 02:38:18
24,page_view,2026-04-04 23:36:18
502,checkout,2026-04-04 18:51:18
79,purchase,2026-04-05 12:59:18
562,add_to_cart,2026-04-05 11:03:18
702,purchase,2026-04-04 18:25:18
866,checkout,2026-04-05 11:38:18
701,page_view,2026-04-04 20:44:18
884,add_to_cart,2026-04-05 00:25:18
546,page_view,2026-04-04 20:30:18
334,page_view,2026-04-04 22:48:18
82,page_view,2026-04-05 04:45:18
921,page_view,2026-04-05 10:58:18
347,page_view,2026-04-04 20:57:18
357,add_to_cart,2026-04-04 22:52:18
93,page_view,2026-04-05 04:53:18
22,page_view,2026-04-05 12:24:18
634,add_to_cart,2026-04-05 01:51:18
273,page_view,2026-04-05 09:07:18
130,purchase,2026-04-05 03:08:18
390,page_view,2026-04-05 12:05:18
69,purchase,2026-04-05 03:51:18
617,add_to_cart,2026-04-05 05:41:18
426,page_view,2026-04-05 13:05:18
875,purchase,2026-04-05 03:38:18
726,checkout,2026-04-05 14:53:18
422,checkout,2026-04-05 08:40:18
327,purchase,2026-04-05 15:53:18
513,page_view,2026-04-04 20:06:18
125,page_view,2026-04-05 16:31:18
544,checkout,2026-04-05 15:44:18
105,checkout,2026-04-05 12:12:18
464,page_view,2026-04-05 02:56:18
472,page_view,2026-04-05 17:17:18
440,checkout,2026-04-05 01:17:18
113,page_view,2026-04-05 12:35:18
189,add_to_cart,2026-04-04 23:07:18
658,checkout,2026-04-05 09:11:18
798,checkout,2026-04-05 03:44:18
708,purchase,2026-04-05 13:22:18
146,purchase,2026-04-04 19:30:18
582,page_view,2026-04-05 14:17:18
68,purchase,2026-04-05 16:38:18
882,page_view,2026-04-05 02:13:18
474,page_view,2026-04-04 19:28:18
435,page_view,2026-04-04 21:08:18
128,purchase,2026-04-04 17:35:18
934,purchase,2026-04-05 13:29:18
369,page_view,2026-04-05 16:07:18
982,add_to_cart,2026-04-05 01:39:18
828,page_view,2026-04-05 12:44:18
989,checkout,2026-04-04 20:54:18
126,page_view,2026-04-05 10:25:18
554,page_view,2026-04-04 21:48:18
112,checkout,2026-04-05 15:28:18
273,page_view,2026-04-05 09:39:18
985,checkout,2026-04-04 19:48:18
963,add_to_cart,2026-04-05 08:01:18
940,page_view,2026-04-04 22:32:18
893,page_view,2026-04-05 03:17:18
477,page_view,2026-04-05 12:09:18
179,page_view,2026-04-05 04:21:18
949,page_view,2026-04-05 16:29:18
54,page_view,2026-04-05 03:22:18
988,checkout,2026-04-05 07:44:18
704,purchase,2026-04-05 08:35:18
391,page_view,2026-04-04 18:59:18
108,page_view,2026-04-05 03:56:18
452,checkout,2026-04-05 00:10:18
327,add_to_cart,2026-04-05 17:28:18
10,page_view,2026-04-04 23:05:18
485,checkout,2026-04-04 21:56:18
800,page_view,2026-04-05 15:21:18
438,page_view,2026-04-04 23:28:18
198,checkout,2026-04-05 02:28:18
45,page_view,2026-04-05 08:35:18
410,page_view,2026-04-04 23:42:18
27,page_view,2026-04-05 01:15:18
548,page_view,2026-04-05 05:46:18
219,purchase,2026-04-04 22:16:18
567,checkout,2026-04-05 03:22:18
599,add_to_cart,2026-04-04 18:52:18
925,page_view,2026-04-05 16:11:18
579,page_view,2026-04-05 08:24:18
609,purchase,2026-04-05 07:47:18
515,checkout,2026-04-05 12:43:18
594,purchase,2026-04-05 07:13:18
1,add_to_cart,2026-04-04 21:26:18
736,purchase,2026-04-05 00:16:18
583,checkout,2026-04-05 06:20:18
740,add_to_cart,2026-04-05 01:34:18
209,page_view,2026-04-04 21:15:18
682,add_to_cart,2026-04-05 16:34:18
720,add_to_cart,2026-04-05 07:56:18
667,checkout,2026-04-05 14:23:18
498,page_view,2026-04-05 06:51:18
292,add_to_cart,2026-04-05 17:17:18
271,page_view,2026-04-05 10:06:18
790,page_view,2026-04-05 01:04:18
993,checkout,2026-04-05 08:33:18
101,page_view,2026-04-04 22:29:18
166,page_view,2026-04-05 11:46:18
424,page_view,2026-04-05 07:21:18
657,page_view,2026-04-05 03:45:18
130,page_view,2026-04-04 19:08:18
984,page_view,2026-04-04 18:49:18
273,page_view,2026-04-05 11:22:18
94,page_view,2026-04-04 18:45:18
661,page_view,2026-04-05 02:05:18
152,page_view,2026-04-05 02:17:18
274,checkout,2026-04-05 15:49:18
557,page_view,2026-04-05 16:17:18
14,checkout,2026-04-05 05:15:18
132,purchase,2026-04-04 17:42:18
376,add_to_cart,2026-04-05 15:43:18
620,page_view,2026-04-04 23:07:18
155,page_view,2026-04-05 00:53:18
247,checkout,2026-04-05 08:32:18
729,add_to_cart,2026-04-05 15:58:18
433,page_view,2026-04-04 22:15:18
450,purchase,2026-04-05 04:23:18
273,page_view,2026-04-05 07:42:18
177,page_view,2026-04-05 06:47:18
875,checkout,2026-04-05 06:24:18
355,purchase,2026-04-05 03:02:18
885,add_to_cart,2026-04-04 23:40:18
302,add_to_cart,2026-04-05 10:42:18
189,checkout,2026-04-04 22:17:18
561,page_view,2026-04-04 22:28:18
464,page_view,2026-04-04 21:06:18
157,page_view,2026-04-04 22:12:18
912,page_view,2026-04-04 23:15:18
233,page_view,2026-04-05 06:24:18
90,add_to_cart,2026-04-04 21:45:18
538,page_view,2026-04-05 05:26:18
575,page_view,2026-04-05 16:22:18
765,page_view,2026-04-05 10:52:18
620,page_view,2026-04-04 22:06:18
730,add_to_cart,2026-04-05 04:29:18
590,page_view,2026-04-05 07:20:18
748,page_view,2026-04-05 02:06:18
816,page_view,2026-04-05 05:04:18
457,page_view,2026-04-04 21:01:18
791,page_view,2026-04-05 12:26:18
380,checkout,2026-04-04 19:50:18
699,purchase,2026-04-04 21:23:18
268,checkout,2026-04-05 16:12:18
784,page_view,2026-04-05 13:32:18
134,page_view,2026-04-04 18:30:18
278,page_view,2026-04-05 14:30:18
123,add_to_cart,2026-04-04 18:13:18
51,page_view,2026-04-05 09:30:18
560,add_to_cart,2026-04-05 16:06:18
155,checkout,2026-04-05 11:33:18
816,page_view,2026-04-04 23:17:18
523,page_view,2026-04-04 17:59:18
378,checkout,2026-04-04 19:33:18
9,add_to_cart,2026-04-05 15:57:18
966,page_view,2026-04-05 10:45:18
840,page_view,2026-04-04 19:59:18
422,checkout,2026-04-05 09:38:18
893,page_view,2026-04-05 00:12:18
778,purchase,2026-04-05 11:26:18
119,page_view,2026-04-04 21:37:18
522,checkout,2026-04-05 01:27:18
958,checkout,2026-04-05 04:30:18
871,add_to_cart,2026-04-04 17:49:18
866,page_view,2026-04-05 13:56:18
121,purchase,2026-04-05 14:13:18
19,purchase,2026-04-04 23:05:18
330,add_to_cart,2026-04-05 10:58:18
637,add_to_cart,2026-04-05 02:35:18
652,page_view,2026-04-05 08:50:18
762,page_view,2026-04-04 19:17:18
740,page_view,2026-04-05 13:58:18
112,page_view,2026-04-05 09:33:18
874,page_view,2026-04-05 04:58:18
438,checkout,2026-04-05 03:16:18
661,page_view,2026-04-05 09:32:18
679,checkout,2026-04-05 03:15:18
135,page_view,2026-04-05 10:40:18
422,checkout,2026-04-05 16:04:18
556,checkout,2026-04-05 11:12:18
390,add_to_cart,2026-04-05 13:28:18
294,page_view,2026-04-05 13:04:18
120,purchase,2026-04-04 20:18:18
70,add_to_cart,2026-04-04 18:04:18
39,page_view,2026-04-05 00:08:18
952,checkout,2026-04-05 04:54:18
352,checkout,2026-04-04 19:28:18
283,page_view,2026-04-05 00:33:18
180,page_view,2026-04-05 17:05:18
843,checkout,2026-04-05 16:33:18
180,page_view,2026-04-05 11:47:18
477,checkout,2026-04-05 09:55:18
232,purchase,2026-04-05 13:12:18
530,page_view,2026-04-05 13:41:18
226,add_to_cart,2026-04-05 10:15:18
882,page_view,2026-04-05 10:48:18
622,page_view,2026-04-05 07:46:18
893,checkout,2026-04-05 12:21:18
906,page_view,2026-04-05 14:33:18
139,checkout,2026-04-04 20:48:18
164,add_to_cart,2026-04-05 08:45:18
808,add_to_cart,2026-04-04 23:44:18
915,add_to_cart,2026-04-05 03:08:18
275,page_view,2026-04-04 20:15:18
310,page_view,2026-04-05 15:10:18
792,page_view,2026-04-05 00:33:18
904,page_view,2026-04-05 15:38:18
5,page_view,2026-04-04 21:24:18
13,page_view,2026-04-04 20:07:18
90,add_to_cart,2026-04-05 05:52:18
250,checkout,2026-04-05 02:32:18
971,checkout,2026-04-05 07:36:18
589,checkout,2026-04-05 01:18:18
258,page_view,2026-04-05 12:48:18
986,add_to_cart,2026-04-05 17:14:18
151,add_to_cart,2026-04-04 21:18:18
329,page_view,2026-04-05 00:53:18
397,add_to_cart,2026-04-04 18:56:18
820,add_to_cart,2026-04-05 11:24:18
178,checkout,2026-04-05 04:50:18
639,add_to_cart,2026-04-05 02:06:18
416,page_view,2026-04-04 22:03:18
752,page_view,2026-04-05 05:40:18
577,page_view,2026-04-05 17:04:18
957,page_view,2026-04-04 20:45:18
853,page_view,2026-04-05 13:33:18
219,checkout,2026-04-05 09:49:18
663,purchase,2026-04-05 01:00:18
189,purchase,2026-04-05 07:14:18
336,checkout,2026-04-05 02:56:18
409,page_view,2026-04-05 11:33:18
256,checkout,2026-04-05 08:46:18
837,purchase,2026-04-05 12:46:18
312,page_view,2026-04-05 09:28:18
878,page_view,2026-04-05 07:15:18
618,page_view,2026-04-05 08:00:18
590,page_view,2026-04-05 10:28:18
836,add_to_cart,2026-04-05 16:19:18
568,add_to_cart,2026-04-04 22:45:18
768,purchase,2026-04-05 11:13:18
655,checkout,2026-04-05 13:49:18
595,page_view,2026-04-05 08:48:18
396,purchase,2026-04-05 03:07:18
914,page_view,2026-04-05 04:06:18
281,page_view,2026-04-05 15:49:18
963,add_to_cart,2026-04-04 19:17:18
658,checkout,2026-04-04 23:23:18
633,page_view,2026-04-05 15:45:18
974,page_view,2026-04-04 20:11:18
429,page_view,2026-04-04 23:58:18
682,purchase,2026-04-04 23:17:18
866,page_view,2026-04-04 21:39:18
864,page_view,2026-04-05 11:22:18
251,page_view,2026-04-04 21:36:18
758,page_view,2026-04-05 08:09:18
446,add_to_cart,2026-04-04 21:56:18
132,checkout,2026-04-05 01:21:18
836,add_to_cart,2026-04-05 02:32:18
561,add_to_cart,2026-04-05 13:23:18
382,page_view,2026-04-05 02:03:18
367,purchase,2026-04-04 23:35:18
811,add_to_cart,2026-04-05 06:01:18
380,page_view,2026-04-05 05:53:18
367,checkout,2026-04-05 01:30:18
478,page_view,2026-04-05 05:43:18
214,add_to_cart,2026-04-04 22:32:18
754,page_view,2026-04-05 03:53:18
588,add_to_cart,2026-04-05 05:42:18
863,checkout,2026-04-04 20:20:18
949,page_view,2026-04-05 14:59:18
668,page_view,2026-04-05 02:13:18
975,add_to_cart,2026-04-05 16:53:18
333,add_to_cart,2026-04-05 16:45:18
402,page_view,2026-04-05 10:30:18
868,checkout,2026-04-05 17:11:18
365,page_view,2026-04-05 10:22:18
117,page_view,2026-04-05 08:24:18
706,page_view,2026-04-05 04:32:18
992,page_view,2026-04-05 13:39:18
453,page_view,2026-04-04 18:28:18
987,purchase,2026-04-05 05:59:18
405,page_view,2026-04-05 07:26:18
881,page_view,2026-04-05 16:05:18
30,page_view,2026-04-04 22:01:18
69,page_view,2026-04-05 09:31:18
820,add_to_cart,2026-04-04 21:35:18
575,page_view,2026-04-04 19:20:18
673,page_view,2026-04-05 00:34:18
609,add_to_cart,2026-04-04 18:08:18
620,page_view,2026-04-05 13:08:18
825,checkout,2026-04-05 13:51:18
533,purchase,2026-04-05 16:10:18
824,purchase,2026-04-04 18:14:18
916,add_to_cart,2026-04-05 17:05:18
156,page_view,2026-04-04 23:29:18
605,checkout,2026-04-04 21:13:18
237,page_view,2026-04-05 12:53:18
227,page_view,2026-04-04 19:03:18
153,page_view,2026-04-05 00:52:18
55,page_view,2026-04-05 06:06:18
109,checkout,2026-04-04 21:22:18
951,checkout,2026-04-04 21:08:18
371,page_view,2026-04-05 14:09:18
849,add_to_cart,2026-04-05 12:55:18
211,add_to_cart,2026-04-04 22:28:18
703,add_to_cart,2026-04-05 12:15:18
788,checkout,2026-04-05 12:47:18
943,add_to_cart,2026-04-05 07:56:18
612,checkout,2026-04-05 03:33:18
423,checkout,2026-04-05 04:52:18
763,page_view,2026-04-05 10:26:18
429,page_view,2026-04-05 14:06:18
196,add_to_cart,2026-04-05 14:14:18
307,page_view,2026-04-04 22:00:18
938,purchase,2026-04-05 04:30:18
210,page_view,2026-04-05 11:46:18
715,page_view,2026-04-05 14:01:18
641,page_view,2026-04-05 13:18:18
265,checkout,2026-04-05 02:10:18
700,checkout,2026-04-05 04:15:18
211,page_view,2026-04-04 19:05:18
725,page_view,2026-04-05 06:49:18
522,page_view,2026-04-04 22:50:18
958,page_view,2026-04-05 03:16:18
146,checkout,2026-04-04 23:59:18
732,checkout,2026-04-05 06:11:18
945,add_to_cart,2026-04-05 10:22:18
584,add_to_cart,2026-04-04 21:44:18
839,page_view,2026-04-04 23:48:18
955,page_view,2026-04-05 05:37:18
494,page_view,2026-04-04 21:27:18
547,add_to_cart,2026-04-04 17:48:18
732,add_to_cart,2026-04-05 14:43:18
468,page_view,2026-04-04 17:34:18
204,page_view,2026-04-05 05:32:18
150,page_view,2026-04-05 03:54:18
404,page_view,2026-04-04 19:15:18
68,checkout,2026-04-05 13:53:18
1,checkout,2026-04-04 18:35:18
140,purchase,2026-04-05 14:32:18
810,page_view,2026-04-05 02:22:18
871,page_view,2026-04-05 07:44:18
463,add_to_cart,2026-04-05 15:28:18
17,page_view,2026-04-05 12:12:18
809,checkout,2026-04-04 20:14:18
503,page_view,2026-04-05 05:40:18
498,add_to_cart,2026-04-05 12:16:18
179,page_view,2026-04-05 08:14:18
783,page_view,2026-04-04 18:29:18
416,page_view,2026-04-05 13:56:18
854,purchase,2026-04-05 09:01:18
332,page_view,2026-04-05 06:33:18
519,page_view,2026-04-05 00:22:18
138,page_view,2026-04-04 23:34:18
646,checkout,2026-04-05 00:58:18
970,page_view,2026-04-05 05:33:18
723,page_view,2026-04-05 14:58:18
955,page_view,2026-04-05 12:06:18
869,page_view,2026-04-05 12:20:18
803,page_view,2026-04-05 07:10:18
473,checkout,2026-04-04 19:02:18
814,checkout,2026-04-05 06:23:18
262,add_to_cart,2026-04-04 20:25:18
355,add_to_cart,2026-04-05 04:40:18
761,checkout,2026-04-05 16:24:18
820,page_view,2026-04-05 09:36:18
534,page_view,2026-04-05 10:11:18
835,page_view,2026-04-05 10:08:18
396,checkout,2026-04-05 16:06:18
615,purchase,2026-04-05 05:57:18
493,add_to_cart,2026-04-04 22:26:18
970,page_view,2026-04-05 16:50:18
886,add_to_cart,2026-04-05 14:37:18
547,page_view,2026-04-05 08:53:18
730,add_to_cart,2026-04-05 03:31:18
117,add_to_cart,2026-04-04 22:30:18
162,page_view,2026-04-05 08:27:18
587,page_view,2026-04-04 23:20:18
70,page_view,2026-04-05 10:34:18
532,page_view,2026-04-05 09:46:18
921,add_to_cart,2026-04-05 10:55:18
326,checkout,2026-04-04 22:55:18
750,checkout,2026-04-05 06:48:18
214,add_to_cart,2026-04-04 18:51:18
764,page_view,2026-04-05 16:41:18
52,page_view,2026-04-04 20:27:18
133,page_view,2026-04-04 21:40:18
374,page_view,2026-04-05 09:31:18
832,add_to_cart,2026-04-05 06:08:18
635,add_to_cart,2026-04-05 16:08:18
87,page_view,2026-04-05 03:48:18
358,page_view,2026-04-05 08:56:18
350,add_to_cart,2026-04-04 18:11:18
92,checkout,2026-04-04 19:25:18
660,add_to_cart,2026-04-04 19:12:18
493,page_view,2026-04-05 15:22:18
519,page_view,2026-04-05 08:05:18
187,page_view,2026-04-05 09:39:18
988,add_to_cart,2026-04-05 13:46:18
154,add_to_cart,2026-04-04 21:59:18
905,purchase,2026-04-05 14:28:18
637,page_view,2026-04-04 23:47:18
772,page_view,2026-04-05 00:34:18
64,add_to_cart,2026-04-05 15:53:18
870,add_to_cart,2026-04-04 17:35:18
993,checkout,2026-04-05 05:15:18
102,purchase,2026-04-05 07:27:18
164,checkout,2026-04-05 11:52:18
123,add_to_cart,2026-04-05 07:19:18
291,add_to_cart,2026-04-05 07:15:18
897,purchase,2026-04-05 07:34:18
963,page_view,2026-04-05 14:00:18
126,checkout,2026-04-05 01:30:18
970,page_view,2026-04-05 13:12:18
930,page_view,2026-04-05 14:21:18
415,add_to_cart,2026-04-04 23:10:18
676,add_to_cart,2026-04-05 16:41:18
495,purchase,2026-04-05 06:01:18
387,page_view,2026-04-05 00:44:18
218,add_to_cart,2026-04-05 00:45:18
346,checkout,2026-04-05 13:34:18
26,page_view,2026-04-05 12:59:18
123,page_view,2026-04-05 13:11:18
948,checkout,2026-04-05 08:45:18
888,purchase,2026-04-05 05:03:18
149,checkout,2026-04-05 14:55:18
678,add_to_cart,2026-04-05 11:32:18
174,purchase,2026-04-05 09:54:18
776,page_view,2026-04-04 21:07:18
832,page_view,2026-04-05 14:10:18
371,add_to_cart,2026-04-05 03:17:18
448,checkout,2026-04-05 13:06:18
58,add_to_cart,2026-04-04 20:17:18
605,add_to_cart,2026-04-04 19:55:18
606,checkout,2026-04-05 09:08:18
592,checkout,2026-04-04 18:21:18
886,page_view,2026-04-05 03:31:18
407,page_view,2026-04-04 22:53:18
848,add_to_cart,2026-04-05 10:18:18
678,page_view,2026-04-05 11:17:18
225,add_to_cart,2026-04-04 20:17:18
511,purchase,2026-04-05 01:02:18
220,checkout,2026-04-04 20:45:18
389,checkout,2026-04-04 23:44:18
676,page_view,2026-04-04 23:28:18
814,page_view,2026-04-04 23:13:18
885,add_to_cart,2026-04-05 03:28:18
426,page_view,2026-04-04 22:21:18
67,add_to_cart,2026-04-05 12:16:18
326,checkout,2026-04-05 03:44:18
506,add_to_cart,2026-04-05 00:24:18
204,add_to_cart,2026-04-05 10:46:18
103,purchase,2026-04-04 20:54:18
577,page_view,2026-04-05 04:47:18
897,page_view,2026-04-05 05:01:18
478,page_view,2026-04-05 16:44:18
823,page_view,2026-04-05 01:08:18
960,page_view,2026-04-05 03:25:18
449,page_view,2026-04-05 08:30:18
484,purchase,2026-04-05 17:14:18
571,add_to_cart,2026-04-04 20:59:18
912,add_to_cart,2026-04-05 05:45:18
847,page_view,2026-04-04 19:27:18
837,page_view,2026-04-05 10:56:18
75,page_view,2026-04-04 22:43:18
297,page_view,2026-04-04 20:51:18
967,page_view,2026-04-05 13:11:18
716,page_view,2026-04-05 14:49:18
869,purchase,2026-04-05 00:24:18
895,page_view,2026-04-05 12:54:18
498,add_to_cart,2026-04-04 23:58:18
333,page_view,2026-04-05 16:34:18
547,page_view,2026-04-04 19:16:18
36,page_view,2026-04-05 07:35:18
577,page_view,2026-04-05 12:23:18
534,page_view,2026-04-04 22:37:18
372,checkout,2026-04-04 18:30:18
676,page_view,2026-04-05 05:58:18
181,page_view,2026-04-05 02:16:18
534,page_view,2026-04-05 11:06:18
812,add_to_cart,2026-04-05 16:51:18
285,page_view,2026-04-05 04:25:18
336,add_to_cart,2026-04-04 20:23:18
73,page_view,2026-04-05 08:09:18
101,page_view,2026-04-05 14:34:18
238,page_view,2026-04-04 22:47:18
954,add_to_cart,2026-04-05 09:15:18
947,checkout,2026-04-05 04:55:18
297,checkout,2026-04-04 20:37:18
594,page_view,2026-04-05 15:10:18
541,page_view,2026-04-05 00:14:18
867,add_to_cart,2026-04-05 09:04:18
106,page_view,2026-04-04 21:35:18
849,purchase,2026-04-05 11:28:18
649,add_to_cart,2026-04-05 15:50:18
658,page_view,2026-04-05 05:53:18
29,add_to_cart,2026-04-05 09:48:18
921,page_view,2026-04-05 06:58:18
682,page_view,2026-04-05 13:10:18
82,page_view,2026-04-04 21:34:18
231,page_view,2026-04-04 19:56:18
899,page_view,2026-04-05 16:28:18
874,page_view,2026-04-05 02:56:18
722,purchase,2026-04-05 08:00:18
112,purchase,2026-04-05 00:52:18
461,page_view,2026-04-04 22:54:18
52,purchase,2026-04-05 03:58:18
98,checkout,2026-04-04 18:12:18
581,purchase,2026-04-05 06:41:18
234,page_view,2026-04-05 07:51:18
542,page_view,2026-04-04 23:57:18
643,page_view,2026-04-05 13:17:18
798,page_view,2026-04-05 11:04:18
62,page_view,2026-04-05 07:50:18
537,checkout,2026-04-05 05:07:18
300,page_view,2026-04-05 09:39:18
393,page_view,2026-04-05 04:01:18
172,page_view,2026-04-05 16:43:18
130,page_view,2026-04-05 16:32:18
106,checkout,2026-04-05 04:42:18
824,page_view,2026-04-04 21:44:18
997,add_to_cart,2026-04-05 02:44:18
567,page_view,2026-04-05 17:04:18
313,checkout,2026-04-04 21:08:18
811,page_view,2026-04-05 04:00:18
716,page_view,2026-04-05 10:00:18
523,add_to_cart,2026-04-05 01:04:18
658,page_view,2026-04-05 07:14:18
948,page_view,2026-04-05 12:52:18
693,page_view,2026-04-05 09:19:18
255,page_view,2026-04-05 08:28:18
264,checkout,2026-04-05 02:51:18
329,page_view,2026-04-05 12:49:18
275,page_view,2026-04-05 05:31:18
896,page_view,2026-04-05 05:23:18
923,page_view,2026-04-05 17:04:18
27,page_view,2026-04-05 06:08:18
413,page_view,2026-04-05 14:41:18
801,page_view,2026-04-05 11:23:18
528,checkout,2026-04-05 08:46:18
72,page_view,2026-04-05 05:18:18
885,checkout,2026-04-04 19:44:18
133,page_view,2026-04-05 13:01:18
412,add_to_cart,2026-04-05 04:19:18
865,page_view,2026-04-05 15:33:18
798,purchase,2026-04-05 08:19:18
929,page_view,2026-04-05 04:57:18
422,page_view,2026-04-05 06:44:18
558,purchase,2026-04-05 15:44:18
216,add_to_cart,2026-04-04 23:14:18
988,page_view,2026-04-05 10:04:18
925,page_view,2026-04-05 15:00:18
246,purchase,2026-04-04 22:47:18
910,add_to_cart,2026-04-05 01:46:18
455,page_view,2026-04-05 07:29:18
653,page_view,2026-04-04 17:52:18
501,page_view,2026-04-05 16:11:18
52,page_view,2026-04-05 04:29:18
226,checkout,2026-04-04 23:52:18
803,add_to_cart,2026-04-05 00:27:18
632,checkout,2026-04-05 04:51:18
432,add_to_cart,2026-04-04 17:43:18
323,page_view,2026-04-05 12:01:18
372,purchase,2026-04-05 03:35:18
651,page_view,2026-04-05 01:25:18
129,add_to_cart,2026-04-05 17:01:18
722,page_view,2026-04-04 19:29:18
130,page_view,2026-04-05 01:46:18
24,page_view,2026-04-05 11:34:18
139,add_to_cart,2026-04-04 21:32:18
29,page_view,2026-04-05 00:36:18
655,page_view,2026-04-05 08:16:18
299,page_view,2026-04-04 21:14:18
672,page_view,2026-04-05 04:40:18
664,page_view,2026-04-05 14:44:18
543,checkout,2026-04-04 21:11:18
506,checkout,2026-04-05 04:17:18
304,page_view,2026-04-04 19:03:18
502,page_view,2026-04-04 17:53:18
806,checkout,2026-04-05 04:49:18
833,page_view,2026-04-04 18:24:18
379,page_view,2026-04-05 00:26:18
556,page_view,2026-04-05 00:09:18
639,add_to_cart,2026-04-05 09:04:18
756,page_view,2026-04-05 13:39:18
716,page_view,2026-04-05 12:28:18
726,purchase,2026-04-05 16:21:18
393,purchase,2026-04-04 23:17:18
611,add_to_cart,2026-04-05 01:28:18
728,purchase,2026-04-05 10:27:18
606,page_view,2026-04-05 15:35:18
220,add_to_cart,2026-04-04 18:43:18
377,page_view,2026-04-05 07:13:18
539,purchase,2026-04-05 02:59:18
101,checkout,2026-04-04 17:57:18
692,add_to_cart,2026-04-05 03:09:18
20,page_view,2026-04-05 16:52:18
660,add_to_cart,2026-04-04 18:00:18
633,checkout,2026-04-05 09:56:18
681,page_view,2026-04-05 05:13:18
513,page_view,2026-04-05 17:17:18
915,add_to_cart,2026-04-05 02:09:18
825,purchase,2026-04-05 11:58:18
606,page_view,2026-04-04 21:01:18
697,checkout,2026-04-05 11:03:18
892,purchase,2026-04-04 17:31:18
69,page_view,2026-04-04 21:45:18
200,add_to_cart,2026-04-05 13:58:18
508,checkout,2026-04-05 02:46:18
332,page_view,2026-04-05 08:19:18
601,page_view,2026-04-05 00:58:18
766,page_view,2026-04-05 03:55:18
172,page_view,2026-04-05 09:39:18
384,add_to_cart,2026-04-05 05:50:18
507,purchase,2026-04-05 04:06:18
831,page_view,2026-04-04 20:58:18
169,checkout,2026-04-05 01:12:18
305,page_view,2026-04-05 08:54:18
90,page_view,2026-04-04 19:15:18
528,page_view,2026-04-05 09:36:18
978,page_view,2026-04-05 04:53:18
782,add_to_cart,2026-04-04 21:53:18
789,purchase,2026-04-05 16:33:18
977,page_view,2026-04-05 07:25:18
788,add_to_cart,2026-04-04 18:27:18
440,page_view,2026-04-05 10:04:18
750,page_view,2026-04-04 23:13:18
929,purchase,2026-04-05 17:13:18
531,page_view,2026-04-05 00:55:18
632,page_view,2026-04-05 07:34:18
921,page_view,2026-04-04 21:04:18
344,purchase,2026-04-05 03:11:18
400,page_view,2026-04-05 13:48:18
383,page_view,2026-04-05 00:19:18
272,checkout,2026-04-05 17:14:18
424,page_view,2026-04-05 04:07:18
753,add_to_cart,2026-04-05 13:42:18
785,page_view,2026-04-04 22:12:18
984,page_view,2026-04-04 23:20:18
649,checkout,2026-04-05 03:41:18
934,page_view,2026-04-05 15:47:18
993,checkout,2026-04-04 22:45:18
198,purchase,2026-04-05 01:47:18
463,page_view,2026-04-04 22:25:18
910,add_to_cart,2026-04-05 03:56:18
767,checkout,2026-04-04 19:11:18
991,page_view,2026-04-05 12:57:18
910,page_view,2026-04-05 04:42:18
442,page_view,2026-04-04 22:37:18
703,purchase,2026-04-05 17:05:18
187,purchase,2026-04-05 11:52:18
878,page_view,2026-04-05 15:13:18
508,page_view,2026-04-05 02:14:18
182,add_to_cart,2026-04-05 02:04:18
53,page_view,2026-04-04 20:31:18
959,checkout,2026-04-05 10:17:18
496,add_to_cart,2026-04-05 01:00:18
599,page_view,2026-04-05 10:35:18
939,page_view,2026-04-05 09:47:18
541,add_to_cart,2026-04-04 18:22:18
130,add_to_cart,2026-04-05 13:26:18
388,add_to_cart,2026-04-04 21:40:18
791,checkout,2026-04-05 02:47:18
843,page_view,2026-04-05 15:27:18
648,checkout,2026-04-04 20:37:18
274,page_view,2026-04-05 08:08:18
910,page_view,2026-04-05 02:25:18
483,page_view,2026-04-05 02:54:18
460,page_view,2026-04-05 01:55:18
78,add_to_cart,2026-04-05 16:15:18
295,page_view,2026-04-04 21:35:18
15,page_view,2026-04-04 23:00:18
149,page_view,2026-04-05 03:52:18
151,page_view,2026-04-04 20:06:18
988,page_view,2026-04-05 08:49:18
633,purchase,2026-04-05 15:49:18
661,page_view,2026-04-05 01:22:18
243,page_view,2026-04-05 03:21:18
555,page_view,2026-04-05 13:56:18
718,add_to_cart,2026-04-05 07:18:18
12,page_view,2026-04-05 04:40:18
399,add_to_cart,2026-04-05 06:43:18
222,purchase,2026-04-05 10:22:18
158,checkout,2026-04-05 00:44:18
326,page_view,2026-04-04 20:04:18
283,page_view,2026-04-05 13:41:18
888,add_to_cart,2026-04-04 19:36:18
680,purchase,2026-04-04 20:52:18
758,page_view,2026-04-05 12:56:18
556,page_view,2026-04-04 18:23:18
668,add_to_cart,2026-04-05 05:39:18
919,checkout,2026-04-05 05:04:18
675,checkout,2026-04-04 23:44:18
796,page_view,2026-04-04 21:00:18
466,checkout,2026-04-05 07:12:18
118,page_view,2026-04-05 15:50:18
261,page_view,2026-04-04 18:32:18
286,add_to_cart,2026-04-05 16:27:18
687,page_view,2026-04-04 19:33:18
738,page_view,2026-04-05 01:54:18
92,checkout,2026-04-05 09:34:18
511,add_to_cart,2026-04-05 04:56:18
486,purchase,2026-04-04 18:22:18
112,add_to_cart,2026-04-05 06:22:18
197,add_to_cart,2026-04-05 11:23:18
250,checkout,2026-04-04 20:26:18
380,add_to_cart,2026-04-05 03:35:18
471,checkout,2026-04-05 09:55:18
366,page_view,2026-04-05 10:47:18
58,add_to_cart,2026-04-04 22:31:18
210,page_view,2026-04-05 14:37:18
234,page_view,2026-04-05 04:17:18
403,checkout,2026-04-05 11:55:18
336,page_view,2026-04-04 23:12:18
191,page_view,2026-04-04 21:59:18
767,purchase,2026-04-05 02:01:18
752,page_view,2026-04-05 00:04:18
771,page_view,2026-04-05 04:40:18
716,purchase,2026-04-05 04:47:18
936,checkout,2026-04-05 11:11:18
222,add_to_cart,2026-04-04 18:19:18
770,page_view,2026-04-05 05:12:18
236,add_to_cart,2026-04-05 10:06:18
865,checkout,2026-04-04 20:30:18
127,checkout,2026-04-05 14:55:18
257,checkout,2026-04-05 12:41:18
510,add_to_cart,2026-04-05 05:41:18
785,page_view,2026-04-05 12:32:18
610,page_view,2026-04-05 16:03:18
419,purchase,2026-04-05 10:13:18
310,checkout,2026-04-04 19:45:18
323,page_view,2026-04-05 01:48:18
152,page_view,2026-04-04 19:48:18
651,checkout,2026-04-05 04:03:18
235,add_to_cart,2026-04-04 19:24:18
38,add_to_cart,2026-04-05 10:29:18
219,page_view,2026-04-04 23:07:18
748,checkout,2026-04-04 21:45:18
687,page_view,2026-04-04 18:12:18
976,page_view,2026-04-05 10:06:18
113,checkout,2026-04-05 10:45:18
698,add_to_cart,2026-04-05 04:32:18
774,add_to_cart,2026-04-04 22:25:18
653,add_to_cart,2026-04-05 03:45:18
239,page_view,2026-04-05 01:21:18
369,page_view,2026-04-05 02:23:18
12,checkout,2026-04-05 06:01:18
177,purchase,2026-04-05 07:00:18
164,add_to_cart,2026-04-05 13:52:18
718,checkout,2026-04-04 18:26:18
385,page_view,2026-04-05 02:30:18
253,page_view,2026-04-05 00:34:18
803,add_to_cart,2026-04-04 17:31:18
870,checkout,2026-04-05 05:42:18
820,page_view,2026-04-05 17:08:18
477,purchase,2026-04-04 22:53:18
192,page_view,2026-04-05 10:54:18
7,page_view,2026-04-05 08:03:18
231,purchase,2026-04-05 13:30:18
90,add_to_cart,2026-04-05 13:37:18
354,purchase,2026-04-05 10:11:18
375,page_view,2026-04-05 06:26:18
428,page_view,2026-04-05 15:09:18
415,page_view,2026-04-05 12:46:18
956,page_view,2026-04-05 13:47:18
744,add_to_cart,2026-04-04 19:50:18
682,add_to_cart,2026-04-05 00:03:18
968,add_to_cart,2026-04-04 19:56:18
859,add_to_cart,2026-04-05 00:35:18
85,add_to_cart,2026-04-05 13:30:18
890,checkout,2026-04-04 17:57:18
653,add_to_cart,2026-04-04 18:15:18
99,checkout,2026-04-05 03:31:18
422,add_to_cart,2026-04-05 16:28:18
109,page_view,2026-04-04 22:27:18
598,page_view,2026-04-05 01:13:18
52,checkout,2026-04-05 11:53:18
810,page_view,2026-04-04 20:28:18
382,checkout,2026-04-04 22:10:18
407,purchase,2026-04-04 18:05:18
881,add_to_cart,2026-04-05 13:16:18
477,add_to_cart,2026-04-05 08:42:18
145,add_to_cart,2026-04-05 11:14:18
504,page_view,2026-04-04 21:25:18
861,purchase,2026-04-04 18:54:18
503,page_view,2026-04-05 07:45:18
935,page_view,2026-04-05 10:54:18
608,purchase,2026-04-05 10:48:18
975,add_to_cart,2026-04-05 06:56:18
236,page_view,2026-04-04 21:43:18
226,page_view,2026-04-05 14:28:18
249,page_view,2026-04-05 14:00:18
656,checkout,2026-04-05 15:54:18
894,add_to_cart,2026-04-04 23:00:18
415,purchase,2026-04-05 05:54:18
633,add_to_cart,2026-04-05 07:26:18
582,add_to_cart,2026-04-05 15:17:18
791,page_view,2026-04-05 13:49:18
976,checkout,2026-04-04 21:14:18
520,checkout,2026-04-05 05:59:18
334,add_to_cart,2026-04-05 06:00:18
162,purchase,2026-04-04 22:42:18
161,page_view,2026-04-04 23:32:18
940,checkout,2026-04-05 01:23:18
890,page_view,2026-04-05 12:12:18
23,purchase,2026-04-04 22:28:18
985,checkout,2026-04-05 00:31:18
934,add_to_cart,2026-04-04 22:33:18
44,add_to_cart,2026-04-05 14:52:18
785,purchase,2026-04-05 03:18:18
512,page_view,2026-04-04 22:38:18
219,page_view,2026-04-05 12:15:18
177,checkout,2026-04-05 13:03:18
870,checkout,2026-04-05 09:21:18
702,add_to_cart,2026-04-05 00:54:18
357,add_to_cart,2026-04-05 02:58:18
950,checkout,2026-04-05 08:18:18
787,add_to_cart,2026-04-05 14:29:18
499,page_view,2026-04-05 12:27:18
262,page_view,2026-04-04 20:26:18
914,page_view,2026-04-05 06:07:18
295,page_view,2026-04-05 10:54:18
749,page_view,2026-04-05 02:52:18
823,page_view,2026-04-05 04:21:18
293,checkout,2026-04-05 12:19:18
537,page_view,2026-04-05 13:36:18
209,purchase,2026-04-05 12:03:18
225,purchase,2026-04-05 17:19:18
329,page_view,2026-04-05 10:03:18
452,checkout,2026-04-05 10:09:18
653,checkout,2026-04-05 13:41:18
935,page_view,2026-04-04 18:33:18
396,page_view,2026-04-05 01:01:18
128,add_to_cart,2026-04-04 18:27:18
527,add_to_cart,2026-04-05 14:14:18
843,page_view,2026-04-05 00:29:18
16,add_to_cart,2026-04-05 04:05:18
593,checkout,2026-04-05 01:23:18
614,page_view,2026-04-05 13:41:18
962,page_view,2026-04-05 05:35:18
984,page_view,2026-04-05 07:15:18
979,add_to_cart,2026-04-05 02:55:18
359,checkout,2026-04-05 12:06:18
698,purchase,2026-04-05 14:45:18
573,page_view,2026-04-05 09:55:18
969,page_view,2026-04-04 22:19:18
193,add_to_cart,2026-04-05 08:40:18
10,page_view,2026-04-05 09:29:18
449,add_to_cart,2026-04-05 11:50:18
961,page_view,2026-04-05 09:44:18
718,page_view,2026-04-05 10:49:18
439,page_view,2026-04-05 01:58:18
997,checkout,2026-04-05 06:33:18
598,add_to_cart,2026-04-05 08:56:18
503,add_to_cart,2026-04-05 00:20:18
500,page_view,2026-04-04 22:28:18
485,page_view,2026-04-05 06:24:18
951,add_to_cart,2026-04-05 14:49:18
270,page_view,2026-04-05 03:21:18
149,purchase,2026-04-05 06:58:18
340,page_view,2026-04-05 08:50:18
344,add_to_cart,2026-04-05 12:55:18
353,purchase,2026-04-05 07:32:18
636,add_to_cart,2026-04-05 08:12:18
113,page_view,2026-04-04 19:37:18
901,page_view,2026-04-05 10:39:18
377,page_view,2026-04-04 21:54:18
835,page_view,2026-04-04 19:07:18
369,checkout,2026-04-05 05:47:18
462,page_view,2026-04-05 09:33:18
939,add_to_cart,2026-04-05 14:33:18
341,add_to_cart,2026-04-05 10:02:18
203,add_to_cart,2026-04-05 05:12:18
202,page_view,2026-04-05 02:38:18
454,checkout,2026-04-05 01:18:18
555,page_view,2026-04-05 14:55:18
186,add_to_cart,2026-04-05 04:05:18
134,add_to_cart,2026-04-05 10:16:18
22,add_to_cart,2026-04-04 22:21:18
79,add_to_cart,2026-04-05 16:39:18
728,page_view,2026-04-05 13:17:18
966,page_view,2026-04-04 22:40:18
193,checkout,2026-04-05 08:22:18
954,checkout,2026-04-05 04:31:18
268,add_to_cart,2026-04-05 08:19:18
455,page_view,2026-04-04 22:05:18
146,purchase,2026-04-05 14:26:18
664,page_view,2026-04-04 19:39:18
823,page_view,2026-04-05 05:50:18
386,checkout,2026-04-05 03:59:18
415,add_to_cart,2026-04-04 23:30:18
831,page_view,2026-04-05 07:02:18
604,checkout,2026-04-04 23:29:18
562,page_view,2026-04-05 02:19:18
914,page_view,2026-04-05 07:30:18
514,page_view,2026-04-05 00:56:18
43,page_view,2026-04-05 07:24:18
810,checkout,2026-04-04 23:21:18
290,page_view,2026-04-05 09:43:18
898,page_view,2026-04-05 09:39:18
149,checkout,2026-04-05 10:54:18
790,page_view,2026-04-04 19:40:18
382,page_view,2026-04-04 19:56:18
292,page_view,2026-04-05 17:06:18
956,page_view,2026-04-04 20:58:18
792,add_to_cart,2026-04-05 10:12:18
538,page_view,2026-04-05 10:28:18
750,checkout,2026-04-05 07:43:18
947,page_view,2026-04-04 21:41:18
849,page_view,2026-04-04 19:31:18
42,page_view,2026-04-05 01:51:18
387,page_view,2026-04-04 21:19:18
910,page_view,2026-04-05 08:16:18
862,page_view,2026-04-05 10:24:18
416,checkout,2026-04-05 11:05:18
56,add_to_cart,2026-04-05 15:44:18
130,page_view,2026-04-05 11:14:18
743,page_view,2026-04-05 15:59:18
393,page_view,2026-04-05 15:40:18
561,checkout,2026-04-05 11:50:18
565,page_view,2026-04-05 14:42:18
557,page_view,2026-04-05 15:45:18
150,page_view,2026-04-05 02:56:18
299,page_view,2026-04-05 06:44:18
723,checkout,2026-04-05 13:31:18
7,page_view,2026-04-05 04:26:18
897,checkout,2026-04-05 09:23:18
211,checkout,2026-04-04 22:21:18
337,add_to_cart,2026-04-05 13:56:18
574,page_view,2026-04-05 11:09:18
673,checkout,2026-04-05 13:31:18
532,page_view,2026-04-04 18:23:18
505,page_view,2026-04-05 16:53:18
644,checkout,2026-04-04 17:44:18
765,page_view,2026-04-05 05:44:18
176,page_view,2026-04-04 21:05:18
540,add_to_cart,2026-04-05 10:56:18
833,checkout,2026-04-05 10:57:18
700,checkout,2026-04-05 10:09:18
837,page_view,2026-04-05 02:12:18
320,page_view,2026-04-04 23:15:18
568,page_view,2026-04-04 19:45:18
987,checkout,2026-04-04 21:44:18
191,page_view,2026-04-05 02:37:18
817,add_to_cart,2026-04-05 05:50:18
582,page_view,2026-04-05 00:56:18
169,add_to_cart,2026-04-05 17:16:18
164,page_view,2026-04-04 23:58:18
708,add_to_cart,2026-04-05 05:34:18
976,checkout,2026-04-05 05:08:18
426,page_view,2026-04-05 06:51:18
850,add_to_cart,2026-04-05 04:41:18
807,add_to_cart,2026-04-05 02:30:18
188,checkout,2026-04-04 22:08:18
343,purchase,2026-04-05 11:10:18
110,checkout,2026-04-05 11:36:18
743,checkout,2026-04-04 23:21:18
333,page_view,2026-04-05 07:38:18
783,page_view,2026-04-05 05:15:18
535,page_view,2026-04-05 07:11:18
657,add_to_cart,2026-04-05 02:21:18
910,page_view,2026-04-05 00:58:18
99,add_to_cart,2026-04-04 19:06:18
799,checkout,2026-04-05 09:53:18
522,checkout,2026-04-05 05:33:18
315,page_view,2026-04-05 05:40:18
542,page_view,2026-04-05 00:06:18
560,page_view,2026-04-04 19:33:18
897,page_view,2026-04-04 23:32:18
890,checkout,2026-04-05 13:05:18
982,page_view,2026-04-05 04:08:18
43,checkout,2026-04-04 19:48:18
838,page_view,2026-04-05 11:40:18
706,add_to_cart,2026-04-05 02:18:18
716,purchase,2026-04-05 07:46:18
432,checkout,2026-04-05 16:37:18
940,purchase,2026-04-04 19:01:18
114,page_view,2026-04-04 21:40:18
379,add_to_cart,2026-04-05 12:31:18
276,add_to_cart,2026-04-05 03:20:18
825,checkout,2026-04-04 18:32:18
154,add_to_cart,2026-04-05 02:52:18
115,checkout,2026-04-05 04:51:18
68,add_to_cart,2026-04-04 19:00:18
846,checkout,2026-04-04 18:27:18
145,add_to_cart,2026-04-04 21:27:18
753,page_view,2026-04-05 09:33:18
843,checkout,2026-04-04 21:53:18
104,add_to_cart,2026-04-05 06:24:18
568,purchase,2026-04-05 08:39:18
159,page_view,2026-04-05 06:09:18
996,page_view,2026-04-05 08:45:18
729,page_view,2026-04-05 15:06:18
585,purchase,2026-04-05 06:09:18
973,checkout,2026-04-05 10:34:18
694,page_view,2026-04-05 03:43:18
297,page_view,2026-04-04 20:36:18
96,page_view,2026-04-05 11:12:18
156,page_view,2026-04-05 12:00:18
439,add_to_cart,2026-04-05 11:08:18
138,page_view,2026-04-05 13:00:18
550,page_view,2026-04-05 02:17:18
464,page_view,2026-04-04 18:55:18
253,add_to_cart,2026-04-04 19:41:18
274,checkout,2026-04-04 19:56:18
418,page_view,2026-04-04 23:55:18
826,page_view,2026-04-05 14:24:18
128,add_to_cart,2026-04-04 19:45:18
959,add_to_cart,2026-04-05 05:38:18
732,add_to_cart,2026-04-05 17:27:18
963,checkout,2026-04-05 03:16:18
465,page_view,2026-04-05 09:11:18
521,page_view,2026-04-05 02:13:18
972,purchase,2026-04-04 22:07:18
276,page_view,2026-04-04 22:36:18
715,checkout,2026-04-05 00:22:18
667,add_to_cart,2026-04-05 03:00:18
47,checkout,2026-04-05 08:10:18
752,page_view,2026-04-05 10:14:18
852,checkout,2026-04-05 06:39:18
205,add_to_cart,2026-04-04 23:10:18
841,add_to_cart,2026-04-05 04:42:18
410,page_view,2026-04-05 08:19:18
476,page_view,2026-04-05 16:02:18
723,page_view,2026-04-04 23:09:18
442,add_to_cart,2026-04-05 07:52:18
778,checkout,2026-04-05 05:33:18
570,add_to_cart,2026-04-05 15:08:18
893,page_view,2026-04-04 22:03:18
352,page_view,2026-04-05 14:58:18
158,page_view,2026-04-05 01:32:18
763,purchase,2026-04-05 06:34:18
450,page_view,2026-04-05 16:47:18
264,page_view,2026-04-04 19:58:18
596,page_view,2026-04-04 23:27:18
177,checkout,2026-04-05 00:47:18
561,add_to_cart,2026-04-04 19:37:18
798,purchase,2026-04-05 03:20:18
255,page_view,2026-04-05 07:24:18
737,checkout,2026-04-04 21:07:18
271,page_view,2026-04-05 08:12:18
64,page_view,2026-04-05 13:21:18
246,page_view,2026-04-05 14:53:18
735,page_view,2026-04-04 22:58:18
313,add_to_cart,2026-04-05 06:28:18
20,checkout,2026-04-05 08:12:18
73,checkout,2026-04-04 18:43:18
133,page_view,2026-04-05 12:58:18
246,page_view,2026-04-05 07:02:18
317,page_view,2026-04-05 06:28:18
131,page_view,2026-04-04 19:34:18
722,page_view,2026-04-05 11:52:18
579,checkout,2026-04-05 07:07:18
321,page_view,2026-04-05 04:15:18
971,checkout,2026-04-05 16:07:18
57,page_view,2026-04-05 12:59:18
483,checkout,2026-04-05 02:43:18
76,add_to_cart,2026-04-05 12:01:18
122,page_view,2026-04-05 02:08:18
642,checkout,2026-04-05 04:47:18
469,page_view,2026-04-05 17:17:18
924,page_view,2026-04-04 23:34:18
209,add_to_cart,2026-04-04 17:44:18
191,checkout,2026-04-05 06:37:18
680,page_view,2026-04-04 19:26:18
622,add_to_cart,2026-04-05 06:26:18
420,page_view,2026-04-04 18:30:18
148,add_to_cart,2026-04-04 18:21:18
364,checkout,2026-04-05 10:48:18
606,page_view,2026-04-05 13:41:18
575,add_to_cart,2026-04-05 13:02:18
405,page_view,2026-04-04 19:06:18
713,page_view,2026-04-04 22:57:18
355,checkout,2026-04-05 06:01:18
14,page_view,2026-04-05 12:49:18
443,checkout,2026-04-05 11:01:18
617,purchase,2026-04-04 19:47:18
521,page_view,2026-04-05 10:16:18
144,checkout,2026-04-05 17:16:18
257,page_view,2026-04-04 18:41:18
400,page_view,2026-04-05 01:47:18
172,page_view,2026-04-04 20:45:18
152,page_view,2026-04-04 17:47:18
851,page_view,2026-04-04 19:43:18
74,page_view,2026-04-05 09:13:18
328,page_view,2026-04-05 07:50:18
910,page_view,2026-04-05 11:28:18
93,page_view,2026-04-05 11:06:18
575,add_to_cart,2026-04-05 11:44:18
849,page_view,2026-04-04 21:14:18
672,page_view,2026-04-05 04:29:18
194,add_to_cart,2026-04-05 06:26:18
749,add_to_cart,2026-04-05 14:23:18
726,page_view,2026-04-04 19:29:18
411,page_view,2026-04-04 23:34:18
640,add_to_cart,2026-04-05 00:09:18
351,page_view,2026-04-04 20:37:18
766,checkout,2026-04-04 19:32:18
743,checkout,2026-04-04 22:42:18
204,page_view,2026-04-05 01:50:18
375,add_to_cart,2026-04-04 19:50:18
335,page_view,2026-04-04 23:28:18
105,page_view,2026-04-05 13:17:18
295,checkout,2026-04-05 08:21:18
631,page_view,2026-04-05 12:31:18
463,page_view,2026-04-05 15:49:18
56,page_view,2026-04-05 10:57:18
743,add_to_cart,2026-04-05 15:58:18
791,purchase,2026-04-05 12:13:18
168,add_to_cart,2026-04-05 10:08:18
218,page_view,2026-04-05 12:52:18
569,page_view,2026-04-05 02:55:18
466,page_view,2026-04-05 03:32:18
30,page_view,2026-04-04 19:38:18
86,checkout,2026-04-05 12:17:18
365,add_to_cart,2026-04-05 02:25:18
269,checkout,2026-04-05 04:07:18
993,page_view,2026-04-05 11:39:18
180,page_view,2026-04-04 21:43:18
783,checkout,2026-04-05 04:36:18
510,page_view,2026-04-05 11:37:18
800,checkout,2026-04-04 20:41:18
412,purchase,2026-04-05 15:32:18
482,page_view,2026-04-05 07:40:18
659,add_to_cart,2026-04-05 04:27:18
390,page_view,2026-04-05 03:01:18
468,checkout,2026-04-04 20:56:18
604,page_view,2026-04-04 23:13:18
992,page_view,2026-04-05 03:10:18
186,page_view,2026-04-05 17:17:18
299,checkout,2026-04-05 04:23:18
149,checkout,2026-04-04 20:55:18
280,page_view,2026-04-04 21:50:18
238,checkout,2026-04-05 09:18:18
356,add_to_cart,2026-04-04 19:53:18
580,page_view,2026-04-05 15:27:18
349,page_view,2026-04-04 17:37:18
991,page_view,2026-04-05 04:40:18
89,add_to_cart,2026-04-05 04:16:18
712,add_to_cart,2026-04-05 07:29:18
146,add_to_cart,2026-04-04 21:17:18
240,checkout,2026-04-05 04:01:18
677,checkout,2026-04-05 08:20:18
114,checkout,2026-04-05 01:04:18
359,add_to_cart,2026-04-04 18:52:18
689,purchase,2026-04-05 04:12:18
261,page_view,2026-04-04 21:07:18
211,page_view,2026-04-05 05:07:18
472,purchase,2026-04-05 00:03:18
560,page_view,2026-04-05 17:24:18
550,checkout,2026-04-05 04:15:18
203,page_view,2026-04-05 13:26:18
327,purchase,2026-04-05 04:49:18
591,page_view,2026-04-05 02:23:18
380,page_view,2026-04-04 18:44:18
860,purchase,2026-04-05 16:17:18
746,page_view,2026-04-04 23:40:18
504,page_view,2026-04-05 14:02:18
929,page_view,2026-04-05 15:26:18
10,add_to_cart,2026-04-05 08:27:18
668,page_view,2026-04-05 02:31:18
886,checkout,2026-04-05 10:08:18
217,page_view,2026-04-05 03:38:18
711,add_to_cart,2026-04-04 21:41:18
998,page_view,2026-04-05 14:43:18
959,add_to_cart,2026-04-04 23:21:18
888,page_view,2026-04-05 05:03:18
306,purchase,2026-04-05 10:55:18
74,page_view,2026-04-04 18:49:18
676,purchase,2026-04-05 05:20:18
240,purchase,2026-04-04 20:01:18
139,page_view,2026-04-05 11:05:18
630,page_view,2026-04-05 08:02:18
799,page_view,2026-04-05 03:11:18
882,page_view,2026-04-05 06:50:18
431,checkout,2026-04-05 10:08:18
804,page_view,2026-04-04 23:22:18
967,page_view,2026-04-05 05:36:18
498,add_to_cart,2026-04-05 16:30:18
397,checkout,2026-04-05 13:31:18
801,add_to_cart,2026-04-05 10:40:18
461,page_view,2026-04-05 11:33:18
383,checkout,2026-04-05 08:01:18
433,purchase,2026-04-05 10:17:18
431,add_to_cart,2026-04-05 13:02:18
69,purchase,2026-04-05 02:28:18
601,page_view,2026-04-05 13:13:18
672,add_to_cart,2026-04-05 16:41:18
659,page_view,2026-04-05 10:37:18
434,add_to_cart,2026-04-04 22:01:18
956,page_view,2026-04-05 03:26:18
444,purchase,2026-04-05 06:47:18
555,page_view,2026-04-05 01:26:18
977,page_view,2026-04-05 16:44:18
170,add_to_cart,2026-04-05 03:22:18
139,page_view,2026-04-05 13:40:18
792,purchase,2026-04-05 11:16:18
80,add_to_cart,2026-04-04 23:21:18
88,purchase,2026-04-04 21:02:18
913,add_to_cart,2026-04-05 08:31:18
214,page_view,2026-04-05 05:52:18
543,page_view,2026-04-05 03:56:18
415,page_view,2026-04-05 00:49:18
237,page_view,2026-04-05 08:12:18
341,page_view,2026-04-05 06:43:18
772,page_view,2026-04-05 09:37:18
671,page_view,2026-04-04 19:34:18
950,add_to_cart,2026-04-05 11:07:18
17,add_to_cart,2026-04-05 02:04:18
739,page_view,2026-04-04 17:40:18
117,checkout,2026-04-05 15:35:18
795,page_view,2026-04-05 06:46:18
336,add_to_cart,2026-04-05 02:08:18
889,checkout,2026-04-05 15:28:18
81,purchase,2026-04-05 06:28:18
375,checkout,2026-04-05 09:06:18
668,page_view,2026-04-05 03:02:18
427,checkout,2026-04-05 06:10:18
166,page_view,2026-04-05 09:49:18
459,page_view,2026-04-05 02:18:18
379,add_to_cart,2026-04-05 11:26:18
72,page_view,2026-04-04 21:36:18
205,page_view,2026-04-05 14:15:18
670,page_view,2026-04-04 19:51:18
7,page_view,2026-04-05 08:04:18
616,checkout,2026-04-05 07:57:18
599,add_to_cart,2026-04-05 13:28:18
203,page_view,2026-04-04 23:06:18
523,page_view,2026-04-05 11:06:18
391,add_to_cart,2026-04-05 06:02:18
126,add_to_cart,2026-04-05 07:11:18
464,page_view,2026-04-05 15:27:18
474,add_to_cart,2026-04-05 03:29:18
562,add_to_cart,2026-04-05 17:07:18
566,page_view,2026-04-05 01:25:18
235,page_view,2026-04-04 21:42:18
771,purchase,2026-04-04 21:23:18
569,add_to_cart,2026-04-04 22:56:18
964,page_view,2026-04-05 01:18:18
257,checkout,2026-04-05 16:38:18
338,checkout,2026-04-04 23:19:18
625,page_view,2026-04-05 04:32:18
832,page_view,2026-04-04 23:18:18
506,add_to_cart,2026-04-04 23:35:18
693,page_view,2026-04-05 04:25:18
620,page_view,2026-04-05 00:48:18
184,checkout,2026-04-05 15:21:18
291,page_view,2026-04-05 14:24:18
479,checkout,2026-04-05 08:57:18
643,add_to_cart,2026-04-05 09:43:18
285,page_view,2026-04-04 22:46:18
189,purchase,2026-04-05 11:02:18
241,page_view,2026-04-05 10:33:18
918,checkout,2026-04-05 03:17:18
233,page_view,2026-04-05 12:53:18
229,page_view,2026-04-05 13:57:18
282,page_view,2026-04-04 20:39:18
294,add_to_cart,2026-04-05 08:29:18
759,add_to_cart,2026-04-04 23:25:18
502,page_view,2026-04-05 04:20:18
334,add_to_cart,2026-04-05 02:39:18
142,purchase,2026-04-05 11:57:18
998,checkout,2026-04-05 16:35:18
307,add_to_cart,2026-04-05 04:13:18
325,page_view,2026-04-05 16:10:18
31,add_to_cart,2026-04-05 08:12:18
865,page_view,2026-04-05 09:38:18
74,add_to_cart,2026-04-05 07:41:18
387,page_view,2026-04-05 08:06:18
930,checkout,2026-04-05 09:43:18
599,checkout,2026-04-05 05:13:18
994,page_view,2026-04-04 22:26:18
67,checkout,2026-04-04 18:59:18
920,checkout,2026-04-05 09:17:18
701,page_view,2026-04-05 12:18:18
309,page_view,2026-04-05 01:25:18
113,page_view,2026-04-05 09:54:18
463,add_to_cart,2026-04-05 02:00:18
965,page_view,2026-04-04 21:09:18
806,add_to_cart,2026-04-05 02:33:18
772,page_view,2026-04-05 08:58:18
474,add_to_cart,2026-04-05 14:10:18
788,page_view,2026-04-04 20:18:18
383,checkout,2026-04-04 23:04:18
62,page_view,2026-04-04 23:44:18
12,checkout,2026-04-05 03:29:18
643,page_view,2026-04-04 20:48:18
649,add_to_cart,2026-04-05 08:42:18
472,purchase,2026-04-05 02:37:18
387,checkout,2026-04-05 10:42:18
457,add_to_cart,2026-04-05 05:39:18
624,page_view,2026-04-05 03:55:18
918,add_to_cart,2026-04-05 10:34:18
448,checkout,2026-04-05 14:43:18
384,page_view,2026-04-05 04:00:18
997,page_view,2026-04-05 09:37:18
993,page_view,2026-04-05 00:06:18
490,checkout,2026-04-05 12:04:18
529,checkout,2026-04-05 09:24:18
708,checkout,2026-04-05 11:03:18
87,purchase,2026-04-04 21:52:18
440,add_to_cart,2026-04-05 13:06:18
977,add_to_cart,2026-04-05 09:17:18
633,page_view,2026-04-05 14:37:18
4,add_to_cart,2026-04-05 01:04:18
992,checkout,2026-04-04 23:49:18
992,page_view,2026-04-04 23:55:18
951,page_view,2026-04-05 00:15:18
344,checkout,2026-04-05 14:44:18
700,page_view,2026-04-05 00:07:18
628,add_to_cart,2026-04-05 08:25:18
10,page_view,2026-04-05 12:10:18
702,page_view,2026-04-05 06:53:18
427,purchase,2026-04-05 15:53:18
496,page_view,2026-04-04 19:48:18
265,add_to_cart,2026-04-05 12:57:18
940,add_to_cart,2026-04-05 00:18:18
208,checkout,2026-04-04 22:23:18
33,page_view,2026-04-05 08:52:18
809,checkout,2026-04-05 10:07:18
592,checkout,2026-04-05 03:20:18
833,purchase,2026-04-04 22:10:18
387,page_view,2026-04-05 09:04:18
325,page_view,2026-04-04 18:48:18
690,add_to_cart,2026-04-05 07:07:18
146,checkout,2026-04-04 20:35:18
784,checkout,2026-04-05 09:15:18
38,checkout,2026-04-05 05:03:18
437,page_view,2026-04-05 11:45:18
160,page_view,2026-04-05 03:50:18
541,page_view,2026-04-05 06:33:18
741,purchase,2026-04-05 11:45:18
269,checkout,2026-04-05 13:02:18
169,checkout,2026-04-05 16:57:18
377,add_to_cart,2026-04-05 10:57:18
489,page_view,2026-04-04 23:57:18
39,add_to_cart,2026-04-04 21:33:18
17,add_to_cart,2026-04-05 16:23:18
197,add_to_cart,2026-04-05 00:03:18
999,page_view,2026-04-05 13:33:18
957,page_view,2026-04-04 22:08:18
473,purchase,2026-04-05 08:17:18
610,page_view,2026-04-04 20:37:18
317,checkout,2026-04-05 02:44:18
612,page_view,2026-04-05 13:12:18
480,page_view,2026-04-05 04:53:18
123,page_view,2026-04-04 23:27:18
705,checkout,2026-04-05 13:10:18
373,add_to_cart,2026-04-04 22:21:18
41,add_to_cart,2026-04-05 17:23:18
471,add_to_cart,2026-04-05 16:21:18
81,page_view,2026-04-04 20:04:18
89,page_view,2026-04-05 13:57:18
834,checkout,2026-04-05 12:37:18
207,checkout,2026-04-04 19:38:18
47,checkout,2026-04-05 10:23:18
210,add_to_cart,2026-04-05 14:56:18
522,checkout,2026-04-04 21:49:18
261,page_view,2026-04-05 01:07:18
488,purchase,2026-04-05 05:10:18
163,add_to_cart,2026-04-05 14:15:18
861,page_view,2026-04-05 03:20:18
331,page_view,2026-04-05 03:42:18
486,checkout,2026-04-04 17:33:18
330,checkout,2026-04-05 00:59:18
147,checkout,2026-04-05 15:07:18
993,add_to_cart,2026-04-05 07:03:18
365,add_to_cart,2026-04-04 21:42:18
481,page_view,2026-04-05 06:17:18
517,checkout,2026-04-05 04:28:18
104,page_view,2026-04-05 11:51:18
687,page_view,2026-04-05 07:23:18
223,page_view,2026-04-04 23:09:18
718,page_view,2026-04-05 03:48:18
842,page_view,2026-04-05 14:45:18
279,page_view,2026-04-04 20:48:18
962,page_view,2026-04-04 19:20:18
124,purchase,2026-04-04 19:30:18
928,checkout,2026-04-05 01:01:18
450,page_view,2026-04-04 23:38:18
695,page_view,2026-04-04 21:23:18
435,add_to_cart,2026-04-05 04:34:18
86,page_view,2026-04-04 22:09:18
858,page_view,2026-04-05 07:23:18
838,add_to_cart,2026-04-05 07:28:18
571,checkout,2026-04-04 23:14:18
782,page_view,2026-04-04 23:30:18
986,checkout,2026-04-05 14:31:18
800,page_view,2026-04-05 04:17:18
884,checkout,2026-04-05 04:00:18
961,page_view,2026-04-05 06:41:18
164,page_view,2026-04-05 09:34:18
806,page_view,2026-04-04 19:09:18
174,page_view,2026-04-05 10:05:18
18,checkout,2026-04-05 07:02:18
592,add_to_cart,2026-04-05 09:54:18
269,page_view,2026-04-05 14:22:18
569,purchase,2026-04-05 10:16:18
288,checkout,2026-04-05 09:11:18
441,add_to_cart,2026-04-05 16:03:18
830,page_view,2026-04-05 00:04:18
833,page_view,2026-04-05 04:48:18
675,page_view,2026-04-05 09:43:18
101,checkout,2026-04-05 06:15:18
685,add_to_cart,2026-04-05 07:52:18
710,page_view,2026-04-05 12:49:18
684,page_view,2026-04-04 23:46:18
